2,https://tokopedia.com/kinton11/krim-99-whitening-day-cream
2,https://tokopedia.com/fridakosmet/rd-pelangsing
1,https://tokopedia.com/nuroelgallery/rd-pelangsing
1,https://tokopedia.com/larisstore6/sale-kapsul-jamu-pelangsing-kjp-kualitas-1-original-terbukti
1,https://tokopedia.com/larisstore6/sale-jamu-pelangsing-terlaris
1,https://tokopedia.com/archive-aissyah/obat-pelangsing-capsul
1,https://tokopedia.com/orlando11/tull-jye-ab-big-ungu-whitening-day-night-cream
2,https://tokopedia.com/rajendra11/masker-wajah-gold-shisedo-whitening-24k
1,https://tokopedia.com/bannaglow/lotion-pemutih-badan-original-halal-paket-mini
1,https://tokopedia.com/archive-nikiy/suplemen-pemutih
1,https://tokopedia.com/archive-lwwan/obat-pemutih
1,https://tokopedia.com/archive-appril/obat-pemutih
1,https://tokopedia.com/intanolshopra/pelangsing-badan-pelangsing-herbal-menurunkan-berat-badan
1,https://tokopedia.com/beautyshoplsm/ra-pelangsing-obat-diet
1,https://tokopedia.com/beautyshoplsm/rd-pelangsing-herbal-pelangsing-herbal
1,https://tokopedia.com/intanolshopra/rd-pelangsing-herbal-pelangsing-herbal-diet-detox
1,https://tokopedia.com/archive-ramona-olshop-1630738790/cream-korea-whitening
1,https://tokopedia.com/archive-vhieta-gallery-1630667206/cream-pemutih-wajah-instant-original
1,https://tokopedia.com/rasyiqul11/shiseido-gold-whitening-24k-mask
1,https://tokopedia.com/kinton11/krim-99-whitening-night-cream
