STATUS,URL
1,https://shopee.co.id/OBAT-ABORSI-Cytotek-Obat~Pengugur~Kandungan~Asli~Ampuh~Gastrul~misoprostol-i.382734502.6078854977
2,https://shopee.co.id/Sarian-skincare-i.29415595.7717018829
1,https://shopee.co.id/Skincare-Ulthyme-jogja-i.37657735.7062394530
1,https://shopee.co.id/hollabeauty_id?v=3d1&smtt=0.0.3
2,https://shopee.co.id/product/1219163/34235737?smtt=0.42119683-1611738944.9
2,https://shopee.co.id/-SACHET-MASKER-MATA-GOLD-COLLAGEN-MASKER-MATA-PANDA-i.4226907.3450822087
2,https://shopee.co.id/-7gr-MINI-VASELINE-LIP-THERAPY-LIP-BALM-LIP-GLOSS-i.4226907.885021422
1,https://shopee.co.id/BIOAQUA-BB-GOLD-REFILL-LIQUID-CUSHION-EXQUISITE-DELICATED-BB-CREAM-CUSHION-i.4226907.4343700438
1,https://shopee.co.id/BIOAQUA-BB-GOLD-NO-REFILL-LIQUID-CUSHION-EXQUISITE-DELICATED-i.4226907.4743750676
1,https://shopee.co.id/makananburung-i.296048257.4158616482
1,https://shopee.co.id/LAMPU-HEMAT-ENERGI-i.296048257.9210699956
1,https://shopee.co.id/Gelas-kaca-i.296048257.8005040003
2,https://shopee.co.id/Lampu-hemat-energi-i.296048257.3670963044
1,https://shopee.co.id/TEERLARIS!-ESW89-ALPUKAD-PRODUCK-LOKAL-ALAMI.-i.315975527.5955001418
1,https://shopee.co.id/TEERLARIS-TEEH-MURBI-ORIGINAL-PRODUK-i.315975527.5756620907
1,https://shopee.co.id/Beesst-Produck-munjekeni-original-i.315975527.5755159866
1,https://shopee.co.id/ESWQ77-PRODUK-SALEEMBA-KALTIM-i.315975527.3355101364
1,https://shopee.co.id/vitamin-rambut-ori-i.300321748.3549516979
1,https://shopee.co.id/aksesorisnya-tas-nova-ori-i.300321748.5960328798
1,https://shopee.co.id/Tahu-pembersih-kaburator-ori-i.300321748.6053340116
1,https://shopee.co.id/vitamin-kuta-pria-ori-i.300321748.5850544002
1,https://shopee.co.id/vitamin-putih-Y-ori-i.300321748.3453587814
1,https://shopee.co.id/vitamin-mata-tarax-i.300321748.5348658060
1,https://shopee.co.id/bibit-kunyit-buat-ikan-i.300947685.7562284449
1,https://shopee.co.id/Produck-Teweh-hirbalife-original-i.315975527.6355003612
1,https://shopee.co.id/LOCAA-LOCAA-LEM-ANTI-AIR-ORIGINAL-i.315975527.3671566637
1,https://shopee.co.id/FLESH-NAAT-CI-ORIGINAL-i.299592221.7248439002
1,https://shopee.co.id/CESI-NG-SILICO.N-HAPE-import-i.299592221.5148437128
1,https://shopee.co.id/NENO-GEL-DINTAL-i.299592221.6048440348
1,https://shopee.co.id/beeest-seelller-esQtiptop-original-i.299592221.6750147787
1,https://shopee.co.id/MINYA-K-GAMBUS-GAMMAT-SQ-07-i.299592221.4548461453
1,https://shopee.co.id/PRODAK-TINTAA-PRENTER-i.299592221.6166124134
1,https://shopee.co.id/pegeon-import-dinzuu-i.299592221.4648438458
1,https://shopee.co.id/flesh-sele-kopur-sereh-originak-i.299592221.7648440600
1,https://shopee.co.id/EEPSOON-BOX-PRODUC-i.299592221.7266125121
1,https://shopee.co.id/PAKAN-BURUNG-MEREK-CLASIK-i.299592221.4372642052
1,https://shopee.co.id/sticker-motor-Mio-i.346216560.7665998895
1,https://shopee.co.id/sticker-motor-Jupiter-MX-i.346216560.4766001777
1,https://shopee.co.id/sticker-cutting-i.346216560.6866955820
1,https://shopee.co.id/Stiker-body-Yamaha-fino-i.346216560.9303385613
1,https://shopee.co.id/sticker-motor-Yamaha-nuvo-i.346216560.9700600373
1,https://shopee.co.id/Kesehatan-stamina-tubuh-i.191309123.6475019642
1,https://shopee.co.id/KESEHATAN-i.191309123.6175124611
1,https://shopee.co.id/KESEHATAN-STAMINA-TUBUH-i.191309123.6175019380
1,https://shopee.co.id/kesehatan-i.191309123.4570266375
1,https://shopee.co.id/sticker-motor-Yamaha-Jupiter-z-i.346216560.5466957775
1,https://shopee.co.id/klahar-ban-as-blakangan-i.346216560.7466010747
1,https://shopee.co.id/sticker-motor-vario-i.346216560.5665999037
1,https://shopee.co.id/sticker-motor-pcx-i.346216560.6066956642
1,https://shopee.co.id/stiker-motor-i.346216560.7272853599
1,https://shopee.co.id/sticker-mobil-Honda-jazz-i.346216560.8001464363
1,https://shopee.co.id/stiker-Honda-tiger-i.346216560.6172853363
1,https://shopee.co.id/stiker-mobil-i.346216560.3179005667
1,https://shopee.co.id/LAMPU-HEMAT-ENERGI-i.296048257.5359750918
1,https://shopee.co.id/Lampu-hemat-energi-i.296048257.4570859389
1,https://shopee.co.id/MULTIVITAMINB14-i.296048257.9700355904
1,https://shopee.co.id/Gelas-kaca-i.296048257.5270871659
1,https://shopee.co.id/0211_17?categoryId=135&itemId=9605896992
1,https://shopee.co.id/BESTT-SELLER-VIT-MIN-FITNESS-ORIGINAL-i.241339027.6459512847
1,https://shopee.co.id/MEIZENAA-ORIGINAL-i.241339027.5664216842
1,https://shopee.co.id/vitt-hexxi-tebelll-i.336179191.7562214734
1,https://shopee.co.id/NATUN-RA-PRODUCK-TINSIS-i.241339027.5759511420
1,https://shopee.co.id/FLESH-SELL-ACC-SPART-MT'OR-METIC.-i.241339027.5444063263
1,https://shopee.co.id/-10L-Vitamin-Kulit-Kering-Untuk-Kecantikan-i.231244489.8706501341
1,https://shopee.co.id/CODE027-VIT-CARDIOON-ROSSO-ORIGINAL-i.241339027.7657675157
1,https://shopee.co.id/GRONOLA-HONEY-WANGI-ORIGINAL-i.241339027.9605896992
1,https://shopee.co.id/best-sellleer-Asem-java-orisinal-i.241339027.4164923975
1,https://shopee.co.id/RDY-STO-CK-SERI-AL-UMB'I-i.241339027.7544086958
1,https://shopee.co.id/CODE-207.-PRODUCK-GINSENG-INDO-i.241339027.4857618328
1,https://shopee.co.id/BOX-CODE17-USBB-KEEBEL-JAPUN-i.241339027.4957677680
1,https://shopee.co.id/spare-parts-motor-termurah-seri-mp46-i.344028611.7765021120
1,https://shopee.co.id/spare-parts-motor-termurah-seri-zt50-i.344028611.4665013384
1,https://shopee.co.id/spare-parts-motor-termurah-seri-vm15-i.344028611.3765108426
1,https://shopee.co.id/spare-parts-motor-termurah-seri-cm45-i.344028611.6465009477
1,https://shopee.co.id/spare-parts-motor-termurah-seri-zk10-i.344028611.4965018121
1,https://shopee.co.id/spare-parts-motor-termurah-seri-zd10-i.344028611.3765117894
1,https://shopee.co.id/vitt-kf-0-5-i.336179191.4871428765
1,https://shopee.co.id/vit-r-i.336179191.5962214612
1,https://shopee.co.id/vitt-camml-i.336179191.3765312118
1,https://shopee.co.id/vitt-mersii-i.336179191.8703661784
1,https://shopee.co.id/tmede-am-ori-i.336179191.7770598325
1,https://shopee.co.id/vitt-valdiii-i.336179191.3173105566
1,https://shopee.co.id/vitt-yarinn-i.336179191.5262219423
1,https://shopee.co.id/vitt-noova-i.336179191.6262217886
1,https://shopee.co.id/Suplemen-Fitness-box-5lembar-kemasan-baru-i.231244489.4534747412
1,https://shopee.co.id/Sisa-Stok-Buruan-Gc-ya-strip-10butir-i.231244489.3836398662
1,https://shopee.co.id/dmp-nova-i.286263000.5858738866
1,https://shopee.co.id/yerindo-i.286263000.6352632121
1,https://shopee.co.id/tm-an-i.286263000.5252567075
1,https://shopee.co.id/prome-i.286263000.6663301276
1,https://shopee.co.id/cammlee05-i.286263000.6665505066
1,https://shopee.co.id/atraa-i.286263000.3960453084
1,https://shopee.co.id/mersiii-05-i.286263000.5560469593
1,https://shopee.co.id/panci-serba-guna-i.361528449.6570579386
1,https://shopee.co.id/terlaris.yarin-i.361528449.6074665472
1,https://shopee.co.id/vitamindayatahantubuh-i.269398755.4251637545
1,https://shopee.co.id/vitamindayatahantubuh(DM)-i.269398755.3851733418
1,https://shopee.co.id/vitamindayatahantubuh-i.269398755.3651733659
1,https://shopee.co.id/obat-batuk-nvo-i.344948796.9505487011
1,https://shopee.co.id/obat-batuk-dmp-i.344948796.4671366255
1,https://shopee.co.id/vitamin-ikan-H-X-Y-i.344948796.9505486176
1,https://shopee.co.id/multivitamin-YRD-original-i.344948796.3871438835
1,https://shopee.co.id/Mepinal-500-i.344948796.7772574002
1,https://shopee.co.id/AM-original-i.344948796.4375659828
1,https://shopee.co.id/STAMINATUBUH-i.270215158.4343686949
1,https://shopee.co.id/STAMINATUBUHDAYATUBUH(LL)-i.270215158.7147600579
1,https://shopee.co.id/STAMINATUBUH-i.270215158.7547595774
1,https://shopee.co.id/STAMINATUBUH-i.270215158.5843669566
1,https://shopee.co.id/STAMINATUBUHDAYATUBUH-i.270215158.5147601947
1,https://shopee.co.id/STAMINATUBUH(Y-sak)-i.270215158.4552700202
1,https://shopee.co.id/pembesar-bibik-ikan-dab-tanaman-i.300947685.6667591035
1,https://shopee.co.id/penghilang-kutu-bandal-i.300947685.5548823752
1,https://shopee.co.id/bibit-kunyit-buat-ikan-i.300947685.7562284449
1,https://shopee.co.id/Pembersih-komeda-badan-i.300947685.6648823310
1,https://shopee.co.id/penghilang-bekas-lecet-motor-mobil-i.300947685.6448823436
1,https://shopee.co.id/pembersih-wajah-alami-nova-i.300947685.5051172665
1,https://shopee.co.id/pembersih-bunga-i.300947685.6465006899
1,https://shopee.co.id/spare-parts-motor-termurah-seri-ri22-i.344028611.7965014870
1,https://shopee.co.id/spare-parts-motor-termurah-seri-mi10-i.344028611.4465027297
1,https://shopee.co.id/acesoris-kulkas-tipe-dxa-i.316783315.7555635417
1,https://shopee.co.id/magnet-kulkas-i.316783315.4055294480
1,https://shopee.co.id/news-seleer-PRODUCK-original-AM-i.316783315.6168391393
1,https://shopee.co.id/suplemen-makanan-i.316783315.3655372122
1,https://shopee.co.id/vitamin-mata-i.316783315.7755274230
1,https://shopee.co.id/makanan-ikan-i.316783315.6955234995
1,https://shopee.co.id/perlengkapan-kosmetik-i.316783315.4555241775
1,https://shopee.co.id/vitamin-B1-i.316783315.6977870102
1,https://shopee.co.id/Flesh-nat-be-TBL-1000-original-produck-i.258702651.7244184717
1,https://shopee.co.id/MADUU-PENGGEMUUK-BADAN-ORIGINAL-i.258702651.5864786201
1,https://shopee.co.id/BEST-HAWAII-PRODUK-ORIGINAL-i.258702651.6563361674
1,https://shopee.co.id/VIT-MIN-CC-KAPLET-ORIGINAL-i.258702651.4260572522
1,https://shopee.co.id/SIIRIS-KAPOOER-ORIGINAL-i.258702651.3763464673
1,https://shopee.co.id/MEIZAINA-TOPIOKA-i.258702651.4463368876
1,https://shopee.co.id/BOOTOL-ORIGINAL-TASTE-PUTIH-i.258702651.4571486063
1,https://shopee.co.id/CAAS-HAPE-ORIGINAL-SMSNG-i.258702651.7463362475
1,https://shopee.co.id/AMERICEN-BBQ-SAUCE-KAACANG-i.258702651.4471497092
1,https://shopee.co.id/Stiker-motor-scoopy-i.346216560.5573255042
1,https://shopee.co.id/FLEESH-SEEL-NEW-FIIBER-CREME-PRODUCK-i.282997370.6849595398
1,https://shopee.co.id/GUCCINO..-ORIGINAL-i.282997370.4961528846
1,https://shopee.co.id/MAA-DU-B2-KAPLET-GREEN-LEMO.N-i.282997370.6349583601
1,https://shopee.co.id/BEEST-SEEL-GIOF-CLODE-ORIGINAL-i.282997370.6049584970
1,https://shopee.co.id/BEEST-SEELL-KIYOOK-SILONPASS-ORIGINAL-i.282997370.6849588014
1,https://shopee.co.id/PRODUK-SPEER-AVENJEL-i.282997370.3763595284
1,https://shopee.co.id/produk-cap-konci-biru-i.282997370.3663594925
1,https://shopee.co.id/remdesivir-covifor-100mg...-i.169196700.7878149826
1,https://shopee.co.id/remdesivir-covifor-inj-i.47152609.6878488701
1,https://shopee.co.id/obat-suntik-covifor-remdesivir-i.35491038.8411634163
1,https://shopee.co.id/remdesivir-covifor'...100mg-i.375989557.9311739414
1,https://shopee.co.id/covifo-remdesivir-injeksi-i.342123987.8612619532
1,https://shopee.co.id/remda-remdesivir-injeksi-i.342123987.9912619426
1,https://shopee.co.id/Remdesivir-i.301933459.4878568421
1,https://shopee.co.id/Remdesivir-covifir-100mg-i.80921419.7378444866
1,https://shopee.co.id/comvifor-remdesivir-i.223139863.8412008092
1,https://shopee.co.id/Remdesivir.100mg-injk-i.27872622.9312347812
1,https://shopee.co.id/Aluvia200__-50mg-original-i.27577236.6977806107
1,https://shopee.co.id/Obat-Cyt-Datang-bulan-Bayar-di-tempatt-i.378542178.6978077262
1,https://shopee.co.id/Obat~cytotek~penggugurr~kandungan~ampuh~cytotec~gastrul~asli~gastrol~cytotex~citotex-citotek-i.382734502.8913143995
1,https://shopee.co.id/Paket-tuntas-1-bln-Cytotek-Obat-Aborsi-Cytotec-Misoprostol-Gastrul-Rogol-Pengugur-peluntur-Kandungan-i.382734502.8413139219
1,https://shopee.co.id/OBAT-ABORSI-Cytotek-Obat~Pengugur~Kandungan~Asli~Ampuh~Gastrul~misoprostol-i.382734502.6078854977
1,https://shopee.co.id/Obat-ABORSI-cytotec-misoprostol-Aman-terpercaya-tanpa-kuret-BERSIH-tuntas-COD-AMAN-i.382734502.5178872276
1,https://shopee.co.id/Paket-1-5bln-Tuntas-Cytotek-Asli-Obat-Aborsi-Cytotec-Misoprostol-Cytotex-Gastrul-Pengugur-K-i.382734502.4778856256
1,https://shopee.co.id/Obat~cytotek~asli~peluntur~kandungan~obat~cytotec~cytotex~citotex~citotek~pil~aborsi~janin~original-i.379971026.8412037210
1,https://shopee.co.id/Paket-1-5bln-Tuntas-Cytotek-Asli-Obat-Aborsi-Cytotec-Misoprostol-Cytotex-Gastrul-Pengugur-Kandungan-i.232210701.9812083566
1,https://shopee.co.id/Obat-Cossmetick-herbal-asli-buat-cwek-paket-2-aman-tanpa-efek-samping-dan-amanah.-i.381003628.6978746392
1,https://shopee.co.id/Obat~cytotek~penggugurr~kandungan~ampuh~citotec~gastrul~asli~citotex~citotek-i.381003628.3778841426
1,https://shopee.co.id/%E2%AD%90Obat%E2%AD%90cytotek~penggugurr~kandungan~ampuh~citotec~gastrul~asli~gastrol~cytotex-citotex--i.365790533.5778406758
1,https://shopee.co.id/Obat~cytotek~penggugurr~kandungan~ampuh~citotec~gastrul~asli~gastrol~cytotex~citotex~citotek-i.359847878.3578507354
1,https://shopee.co.id/Obat~cytotek~pengugur~kandungan~ampuh~citotec~gastrul~asli~gastrol~cytotex~citotex-citotek-i.380338227.8013227511
1,https://shopee.co.id/1-6bln-Obat-Aborsi-Penggugurr-Kandungan-Cytotec-Yang-Paling-Ampuh-Aman-Cytotek-Citotec-Gastrul-Asli-i.297337643.3951318852
1,https://shopee.co.id/Obat~cytotek~pengugurr~kandungan~cytotekk~gastrul~asli~gastrol~cytotexk~citotex-cytotek~obat~telat~m-i.297337643.4051219659
1,https://shopee.co.id/%E2%AD%90%E2%AD%90%E2%AD%90Obat-Cytotek-Pengugur-Kandungan-Citotek-Cytotek-Cytotec-Aborsi-Gastrul-Misoprotol-Asli-Cytotex-i.382870496.9313235332
1,https://shopee.co.id/Paket-tuntas-1-6-Bln-Cytotek-Obat-Aborsi-Cytotek-Gastrull-Rogol-Pengugur-peluntur-Kandungan-Ciyotek-i.72850260.6377324186
1,https://shopee.co.id/Obat~cytotek~penggugurr~kandungan~ampuh~citotec~gastrul~asli~gastrol~cytotex~paket1-i.356310419.8512307762
1,https://shopee.co.id/Paket-1-5-bln-Tuntas-Cytotek-Asli-Obat-Aborsi-Cytotec-Misoprostol-Cytotex-Gastrul-Pengugur-Kandungan-i.380857553.4778688996
1,https://shopee.co.id/Obat~cytotek~Penggugurr~kandungan~obat~cytotex~citotex~citotek~pil~aborsii~janin~peluntur~kandungan-i.381597109.9712575285
1,https://shopee.co.id/Obat~cytotek~penggugurr~kandungan~ampuh~citotec~gastrul~asli~gastrol~cytottex~citotex-citotek-i.381695601.9113142250
1,https://shopee.co.id/Paket-1-7-bln-Cytotek-Obat-Aborsii-Cytotex-Misoprostol-Gastrull-Rogol-Penggugurr-peluntur-Kandungan-i.372378491.4177251297
1,https://shopee.co.id/PROMO~Obat~cytotek~peluntur~pengugur~kandungan~ampuh~cytotec~gastrul~asli~cytotex-citotek-i.356310419.5478699151
1,https://shopee.co.id/Obat~cytotek~asli~peluntur~kandungan~gastrul~cytotec~cytotex~citotex~citotek~pil~aborsi-i.380885858.9313216259
1,https://shopee.co.id/Paket-tuntas-2-bln-Cytotek-Obat-Aborsi-Cytotec-Misoprostol-Gastrul-Rogol-Pengugur-peluntur-Kandungan-i.382870496.7378871434
1,https://shopee.co.id/Paket-tuntas-4-bln-Cytotek-Obat-Aborsi-Cytotec-Misoprostol-Gastrul-Rogol-Pengugur-peluntur-Kandungan-i.382870496.7678875891
1,https://shopee.co.id/OBAT-Paket-1-Cytotek-Asli-Cytoteck-Cytotex-Citotek-Citotex-Gastrul-Gastrol-Obat-Pengugur-Kandungan-i.380877282.4578872373
1,https://shopee.co.id/Obat~cytotek~penggugurr~kandungan~ampuh~citotec~gastrul~asli~gastrol~cytotexx~citotex-citotek-i.381695601.8313142892
1,https://shopee.co.id/obat-cytotek-asi-terlambat-datang-bulan-ampuh-cytotekk-cytoteck-i.381003883.3183661125
1,https://shopee.co.id/Cytotek-Obat-Asli-Paket-Penggugurr-Kandungan-Telat-Bulan-Ampuh-Cytotekk-i.381003883.9613181857
1,https://shopee.co.id/Paket-tuntas-3-bln-Cytotek-Obat-Aborsi-Cytotec-Misoprostol-Gastrul-Rogol-Pengugur-peluntur-Kandungan-i.382870496.9613234353
1,https://shopee.co.id/Cytotek-Obat-Asli-Ampuh-Penggugurr-Kandungan-Telat-Bulan-Mens-Cytotekk-i.381003883.7578859970
1,https://shopee.co.id/BESTTT-SELLLER-MNYAK-GAMBUS-ORIGINAL-i.241339027.3350624831
1,https://shopee.co.id/vitamin-c-i.316783315.7355269162
1,https://shopee.co.id/shampo-pewarna-rambut-i.316783315.9811577418
1,https://shopee.co.id/acesoris-kulkas-tipe-zps-i.316783315.3165728148
1,https://shopee.co.id/SLIKONOM-BLACK-PRODUCK-ORIGINAL-i.243627245.3653820767
1,https://shopee.co.id/BESTT-SILER-CIO-CLOD-ORIGINAL-i.243627245.5950538193
1,https://shopee.co.id/RSM-CINK-PRODUCK-BARU-i.243627245.4850536298
1,https://shopee.co.id/s1Q-produck-mittuut-ori-i.243627245.5950534350
1,https://shopee.co.id/FESIAL-PRODUK-CLENSEER-i.243627245.5163987201
1,https://shopee.co.id/HIRBAL-HIRBACUUR-ORIGINAL-i.243627245.3557103644
1,https://shopee.co.id/TIEN-HEALTHY-LIFEE-i.243627245.2915034308
1,https://shopee.co.id/PLASSTIK-NICE-SMILE-PRODUK-i.243627245.5478610812
